CHROM	marker	log10p	trait	startPOS	peakPOS	endPOS	peak_id	narrow_h2
V	V:18040094	4.328322779723392	CV_length_Thiabendazole	17659349	18040094	18674756	1	0.013061552280705586
III	III:2878048	4.236260624118633	CV_length_Levamisole	2763660	2878048	2976570	1	0.1761694279292411
IV	IV:15378958	5.176337356593391	CV_length_Levamisole	15212066	15378958	15611191	2	0.1761694279292411