CHROM	marker	log10p	trait	startPOS	peakPOS	endPOS	peak_id	narrow_h2
V	V:8625876	6.294025163582445	CV_length_Paraquat_62_5	4161728	8625876	12999384	1	0.20085209530843112
II	II:13779444	5.66655272550325	length_Morantel	13667684	13779444	13921088	1	0.2712457973524818